City_ID,City,Country,Date,Lat,Lng,Max Temp,Humidity,Cloudiness,Wind Speed
0,punta arenas,CL,2021-01-16 19:02:13,-53.15,-70.9167,60.8,59,90,12.66
1,saint-leu,RE,2021-01-16 19:03:26,-21.15,55.2833,82.4,78,75,4.61
2,bredasdorp,ZA,2021-01-16 19:03:26,-34.5322,20.0403,69.8,64,0,12.66
3,lakes entrance,AU,2021-01-16 19:03:26,-37.8811,147.981,55.99,74,41,1.99
4,luzhou,CN,2021-01-16 19:03:26,28.8724,105.4405,41.63,89,100,11.61
5,golyshmanovo,RU,2021-01-16 19:03:26,56.3979,68.3728,17.71,96,100,13.6
6,codrington,AU,2021-01-16 19:03:26,-38.2667,141.9667,55.4,70,99,9.73
7,mataura,NZ,2021-01-16 19:03:27,-46.1927,168.8643,63.0,73,100,10.0
8,ushuaia,AR,2021-01-16 19:03:03,-54.8,-68.3,59.0,58,75,17.27
9,tiksi,RU,2021-01-16 19:03:27,71.6872,128.8694,-13.14,90,100,12.84
10,mar del plata,AR,2021-01-16 19:00:00,-38.0023,-57.5575,71.6,73,90,24.16
11,alice springs,AU,2021-01-16 19:03:27,-23.7,133.8833,66.2,45,55,5.75
12,monte alegre,BR,2021-01-16 19:01:26,-2.0078,-54.0692,93.15,35,0,7.09
13,buala,SB,2021-01-16 19:03:27,-8.145,159.5921,80.33,79,100,7.05
14,rikitea,PF,2021-01-16 19:03:27,-23.1203,-134.9692,77.97,67,56,3.87
15,butaritari,KI,2021-01-16 19:03:27,3.0707,172.7902,80.87,75,31,22.26
16,saint-philippe,RE,2021-01-16 19:03:27,-21.3585,55.7679,82.4,78,75,4.61
17,hermanus,ZA,2021-01-16 19:03:27,-34.4187,19.2345,66.0,82,0,7.85
18,hobart,AU,2021-01-16 19:02:58,-42.8794,147.3294,50.0,57,75,6.91
19,dikson,RU,2021-01-16 19:03:06,73.5069,80.5464,-31.54,78,0,10.04
20,beibei,CN,2021-01-16 19:03:27,29.8256,106.4339,41.0,93,90,15.66
21,jambi,ID,2021-01-16 19:03:28,-1.6,103.6167,75.22,96,100,2.21
22,kaniama,CD,2021-01-16 19:03:28,-7.5667,24.1833,67.08,94,99,1.59
23,vaini,TO,2021-01-16 19:03:28,-21.2,-175.2,80.6,89,75,8.05
24,atuona,PF,2021-01-16 19:03:28,-9.8,-139.0333,77.77,78,3,15.88
25,mahajanga,MG,2021-01-16 19:03:28,-15.7167,46.3167,82.4,83,40,4.61
26,jamestown,US,2021-01-16 18:59:14,42.097,-79.2353,34.0,80,90,10.36
27,severobaykalsk,RU,2021-01-16 19:03:28,55.65,109.3167,-22.79,79,14,8.48
28,salamiyah,SY,2021-01-16 19:03:28,35.0113,37.0532,50.79,79,0,9.1
29,hambantota,LK,2021-01-16 19:03:28,6.1241,81.1185,73.4,100,40,10.0
30,leningradskiy,RU,2021-01-16 19:03:29,69.3833,178.4167,-18.8,87,100,1.97
31,avarua,CK,2021-01-16 19:03:29,-21.2078,-159.775,82.4,78,81,6.91
32,bathsheba,BB,2021-01-16 19:03:29,13.2167,-59.5167,84.2,58,0,17.27
33,bluff,NZ,2021-01-16 19:03:29,-46.6,168.3333,63.0,73,100,10.0
34,klaksvik,FO,2021-01-16 19:03:13,62.2266,-6.589,42.8,100,90,10.36
35,haines junction,CA,2021-01-16 19:03:29,60.7522,-137.5108,12.2,92,100,1.14
36,narsaq,GL,2021-01-16 19:03:10,60.9167,-46.05,19.4,58,75,10.36
37,albany,US,2021-01-16 19:00:12,42.6001,-73.9662,39.99,81,100,9.22
38,cape town,ZA,2021-01-16 19:00:06,-33.9258,18.4232,71.01,64,20,10.36
39,horsham,GB,2021-01-16 19:03:29,51.064,-0.3272,46.0,87,75,8.05
40,wadi musa,JO,2021-01-16 19:03:29,30.3222,35.4793,43.9,60,0,10.02
41,wainwright,CA,2021-01-16 19:03:29,52.839,-110.8572,32.0,69,0,10.36
42,ibra,OM,2021-01-16 19:03:29,22.6906,58.5334,56.52,81,0,1.48
43,airai,TL,2021-01-16 19:03:30,-8.9266,125.4092,62.26,100,100,1.05
44,yellowknife,CA,2021-01-16 19:01:27,62.456,-114.3525,-4.0,77,75,9.22
45,sitka,US,2021-01-16 19:03:30,57.0531,-135.33,46.4,61,90,18.41
46,san andres,CO,2021-01-16 19:00:18,12.5847,-81.7006,86.0,70,20,14.97
47,vatava,RO,2021-01-16 19:03:30,46.9667,24.7667,16.0,79,90,4.61
48,ulaangom,MN,2021-01-16 19:03:30,49.9811,92.0667,-16.73,87,99,1.43
49,torbay,CA,2021-01-16 19:03:30,47.6666,-52.7314,33.01,93,90,24.16
50,mildura,AU,2021-01-16 19:03:30,-34.2,142.15,57.2,77,0,8.05
51,naze,JP,2021-01-16 19:03:30,28.3667,129.4833,54.93,78,27,23.2
52,sao filipe,CV,2021-01-16 19:03:29,14.8961,-24.4956,72.14,73,6,14.58
53,tyrma,RU,2021-01-16 19:03:30,50.0833,132.1667,-13.09,88,100,1.48
54,thompson,CA,2021-01-16 19:01:30,55.7435,-97.8558,14.0,92,90,2.3
55,hilo,US,2021-01-16 19:02:46,19.7297,-155.09,70.0,73,1,2.68
56,new norfolk,AU,2021-01-16 19:03:31,-42.7826,147.0587,50.0,57,75,6.91
57,bay roberts,CA,2021-01-16 19:03:31,47.5999,-53.2648,33.01,85,100,10.0
58,pevek,RU,2021-01-16 19:03:31,69.7008,170.3133,-17.32,84,91,6.78
59,bandar,ID,2021-01-16 19:03:31,2.05,99.75,72.72,90,100,2.1
60,russell,US,2021-01-16 19:03:31,32.3502,-85.1999,50.0,34,20,17.27
61,pangnirtung,CA,2021-01-16 19:03:31,66.1451,-65.7125,14.0,79,90,13.8
62,hervey bay,AU,2021-01-16 19:03:31,-25.2986,152.8535,73.99,92,0,3.0
63,onega,RU,2021-01-16 19:03:31,63.9061,38.1404,-2.7,93,89,1.81
64,biak,ID,2021-01-16 19:03:31,-0.9131,122.8766,77.07,83,100,5.57
65,vysokogornyy,RU,2021-01-16 19:03:31,50.1167,139.15,-22.38,85,75,2.91
66,lodja,CD,2021-01-16 19:03:31,-3.4833,23.4333,72.61,77,40,1.14
67,caravelas,BR,2021-01-16 19:03:31,-17.7125,-39.2481,82.15,63,0,11.21
68,katsuura,JP,2021-01-16 19:03:06,35.1333,140.3,45.0,49,75,11.5
69,labuhan,ID,2021-01-16 19:03:32,-6.8844,112.2051,77.74,83,100,4.97
70,busselton,AU,2021-01-16 19:03:25,-33.65,115.3333,60.01,74,0,8.99
71,tilichiki,RU,2021-01-16 19:03:16,60.4667,166.1,-25.65,85,0,9.17
72,geraldton,AU,2021-01-16 19:03:32,-28.7667,114.6,89.6,29,75,23.02
73,brigantine,US,2021-01-16 19:03:32,39.4101,-74.3646,48.99,66,40,12.66
74,esfarayen,IR,2021-01-16 19:03:32,37.0765,57.5101,35.6,51,0,4.61
75,male,MV,2021-01-16 19:01:54,4.1748,73.5089,82.4,78,75,4.61
76,bubaque,GW,2021-01-16 19:03:32,11.2833,-15.8333,77.76,68,93,12.88
77,half moon bay,US,2021-01-16 19:03:32,37.4636,-122.4286,64.0,77,20,5.75
78,nikolskoye,RU,2021-01-16 19:03:32,59.7035,30.7861,8.01,92,75,6.71
79,faanui,PF,2021-01-16 19:03:32,-16.4833,-151.75,80.91,76,57,11.3
80,karpathos,GR,2021-01-16 19:03:32,35.507,27.2132,55.4,71,84,23.02
81,dunedin,NZ,2021-01-16 19:00:05,-45.8742,170.5036,62.01,92,100,3.0
82,tautira,PF,2021-01-16 19:01:40,-17.7333,-149.15,84.2,65,20,3.44
83,kharp,RU,2021-01-16 19:03:32,66.8014,65.8081,-10.93,86,77,4.56
84,mount pleasant,US,2021-01-16 19:03:33,32.7941,-79.8626,52.0,34,75,17.27
85,lebu,CL,2021-01-16 19:03:06,-37.6167,-73.65,61.5,62,0,22.08
86,borogontsy,RU,2021-01-16 19:03:33,62.6683,131.1683,-43.26,80,100,2.95
87,beringovskiy,RU,2021-01-16 19:03:33,63.05,179.3167,-10.48,88,100,11.77
88,upernavik,GL,2021-01-16 19:03:33,72.7868,-56.1549,11.19,89,0,7.25
89,banda aceh,ID,2021-01-16 19:03:33,5.5577,95.3222,78.15,80,98,5.61
90,bengkulu,ID,2021-01-16 19:03:33,-3.8004,102.2655,76.69,79,100,3.85
91,valera,VE,2021-01-16 19:03:33,9.3178,-70.6036,82.11,53,100,4.7
92,salalah,OM,2021-01-16 19:03:33,17.0151,54.0924,71.6,68,0,4.61
93,hasaki,JP,2021-01-16 19:01:55,35.7333,140.8333,39.2,60,75,5.75
94,petropolis,RU,2021-01-16 19:03:33,59.8944,30.2642,10.99,92,75,6.71
95,vardo,NO,2021-01-16 19:03:33,70.3705,31.1107,35.78,85,100,12.97
96,barrow,US,2021-01-16 19:00:07,71.2906,-156.7887,-0.4,71,90,21.85
97,bambous virieux,MU,2021-01-16 19:03:14,-20.3428,57.7575,81.0,83,40,6.91
98,zaysan,KZ,2021-01-16 19:03:33,47.4667,84.8667,4.62,82,0,3.02
99,acapulco,MX,2021-01-16 19:03:20,16.8634,-99.8901,80.6,78,90,4.61
100,cockburn town,TC,2021-01-16 19:00:12,21.4612,-71.1419,82.4,74,40,9.22
101,tecpan,GT,2021-01-16 19:03:34,14.7623,-90.9947,77.0,60,40,18.41
102,vestmannaeyjar,IS,2021-01-16 19:03:12,63.4427,-20.2734,39.2,81,90,31.07
103,llallagua,BO,2021-01-16 19:03:34,-18.4167,-66.6333,57.52,52,100,4.14
104,tenenkou,ML,2021-01-16 19:03:34,14.4572,-4.9169,78.15,16,99,12.21
105,marau,BR,2021-01-16 19:01:22,-28.4492,-52.2,82.81,67,100,5.59
106,shenjiamen,CN,2021-01-16 19:03:34,29.9576,122.298,40.71,73,92,22.75
107,vila velha,BR,2021-01-16 19:00:29,-20.3297,-40.2925,87.01,54,40,12.66
108,hay river,CA,2021-01-16 19:02:58,60.8156,-115.7999,8.6,85,100,4.61
109,saskylakh,RU,2021-01-16 19:03:34,71.9167,114.0833,-15.99,87,100,7.43
110,viedma,AR,2021-01-16 19:00:30,-40.8135,-62.9967,62.01,73,100,22.77
111,mundo nuevo,MX,2021-01-16 19:03:34,18.7,-95.5,69.71,77,100,15.48
112,alta floresta,BR,2021-01-16 19:03:34,-9.8756,-56.0861,83.14,71,22,1.16
113,port-cartier,CA,2021-01-16 19:03:35,50.0334,-66.8654,30.2,80,100,6.91
114,muroto,JP,2021-01-16 19:03:35,33.2833,134.15,48.04,56,100,15.19
115,kalmunai,LK,2021-01-16 19:03:35,7.4167,81.8167,77.14,81,67,2.42
116,qaanaaq,GL,2021-01-16 19:03:35,77.484,-69.3632,7.43,91,99,3.83
117,kapaa,US,2021-01-16 19:03:35,22.0752,-159.319,73.4,88,75,5.75
118,harper,LR,2021-01-16 19:03:35,4.375,-7.7169,79.5,77,0,5.59
119,zhangjiakou,CN,2021-01-16 18:59:05,40.81,114.8794,7.63,76,0,5.28
120,dingle,PH,2021-01-16 19:03:35,10.9995,122.6711,75.15,91,100,11.23
121,jasidih,IN,2021-01-16 19:03:36,24.5167,86.65,54.12,62,56,2.66
122,koslan,RU,2021-01-16 19:03:36,63.4564,48.8989,-8.1,90,6,5.93
123,slonim,BY,2021-01-16 19:03:36,53.0867,25.3219,-1.41,92,84,7.02
124,sobolevo,RU,2021-01-16 19:03:36,54.4299,31.8996,1.13,93,100,8.3
125,tarakan,ID,2021-01-16 19:03:36,3.3,117.6333,78.35,75,100,9.22
126,ajdabiya,LY,2021-01-16 19:03:36,30.7554,20.2263,58.87,65,1,18.32
127,andrychow,PL,2021-01-16 19:03:36,49.855,19.3383,24.01,3,100,1.01
128,atar,MR,2021-01-16 19:03:36,20.5169,-13.0499,68.49,16,100,13.42
129,san onofre,CO,2021-01-16 19:03:36,9.7359,-75.5263,86.54,62,9,8.99
130,ramona,US,2021-01-16 19:03:36,33.0417,-116.8681,82.4,9,1,0.78
131,nador,MA,2021-01-16 19:03:36,35.174,-2.9287,55.4,76,0,3.44
132,carnarvon,AU,2021-01-16 19:03:36,-24.8667,113.6333,80.6,78,43,6.91
133,walla walla,US,2021-01-16 19:03:36,46.0646,-118.343,44.01,100,90,3.44
134,camopi,GF,2021-01-16 19:01:42,3.1655,-52.3158,77.85,94,100,4.68
135,souillac,MU,2021-01-16 19:03:37,-20.5167,57.5167,80.6,83,40,6.91
136,salinopolis,BR,2021-01-16 19:03:37,-0.6136,-47.3561,84.09,66,100,10.87
137,kerema,PG,2021-01-16 19:03:37,-7.9631,145.7785,78.44,83,100,5.5
138,alamosa,US,2021-01-16 19:01:41,37.4695,-105.87,42.8,33,20,19.57
139,turukhansk,RU,2021-01-16 19:03:37,65.8167,87.9833,-22.31,82,100,13.67
140,flinders,AU,2021-01-16 19:03:37,-34.5833,150.8552,57.99,72,0,1.01
141,port alfred,ZA,2021-01-16 19:03:37,-33.5906,26.891,69.01,83,0,10.0
142,amapa,BR,2021-01-16 19:03:37,1.0,-52.0,83.44,72,16,4.76
143,kaitangata,NZ,2021-01-16 19:03:20,-46.2817,169.8464,64.0,86,100,4.0
144,ambon,ID,2021-01-16 19:03:37,-3.6954,128.1814,77.0,15,100,8.01
145,ngunguru,NZ,2021-01-16 19:03:37,-35.6167,174.5,61.0,93,0,7.07
146,golden,US,2021-01-16 19:03:38,39.7555,-105.2211,46.99,34,0,1.01
147,hit,IQ,2021-01-16 19:03:38,33.6416,42.8251,56.66,49,98,5.01
148,saint-augustin,CA,2021-01-16 19:03:38,51.226,-58.6502,25.75,89,100,1.03
149,nouadhibou,MR,2021-01-16 19:03:38,20.931,-17.0347,75.2,23,100,16.11
150,hargeysa,SO,2021-01-16 19:03:38,9.56,44.065,60.21,74,0,8.52
151,walvis bay,NA,2021-01-16 19:03:38,-22.9575,14.5053,71.6,64,0,14.97
152,rocha,UY,2021-01-16 19:00:26,-34.4833,-54.3333,78.93,65,0,13.06
153,civitavecchia,IT,2021-01-16 19:03:38,42.0933,11.7967,39.2,52,0,6.91
154,mahibadhoo,MV,2021-01-16 19:03:38,3.7833,72.9667,81.61,70,100,7.45
155,mareeba,AU,2021-01-16 19:03:38,-17.0,145.4333,78.8,83,40,6.91
156,hamilton,US,2021-01-16 18:59:49,39.1834,-84.5333,37.0,64,90,12.66
157,yerbogachen,RU,2021-01-16 19:03:38,61.2767,108.0108,-48.21,75,52,2.82
158,richards bay,ZA,2021-01-16 19:03:38,-28.783,32.0377,73.27,90,97,6.87
159,alvorada,BR,2021-01-16 19:03:39,-12.48,-49.1247,80.49,82,100,4.14
160,poltavka,RU,2021-01-16 19:03:39,54.3663,71.7632,14.25,94,100,11.21
161,korla,CN,2021-01-16 19:03:39,41.7597,86.1469,18.25,81,0,7.76
162,calvinia,ZA,2021-01-16 19:03:39,-31.4707,19.776,63.5,59,0,7.49
163,tuktoyaktuk,CA,2021-01-16 19:03:14,69.4541,-133.0374,-2.2,78,90,12.66
164,chuy,UY,2021-01-16 19:03:39,-33.6971,-53.4616,85.12,61,5,5.1
165,villa maria,AR,2021-01-16 19:03:39,-32.4075,-63.2402,82.56,30,100,25.88
166,castro,BR,2021-01-16 19:03:39,-24.7911,-50.0119,77.25,70,100,8.19
167,noumea,NC,2021-01-16 19:01:24,-22.2763,166.4572,80.01,94,90,2.3
168,mahebourg,MU,2021-01-16 19:03:39,-20.4081,57.7,80.6,83,40,6.91
169,mehamn,NO,2021-01-16 19:03:39,71.0357,27.8492,35.19,87,98,16.55
170,henties bay,NA,2021-01-16 19:03:39,-22.116,14.2845,71.01,79,4,5.01
171,udachnyy,RU,2021-01-16 19:03:39,66.4167,112.4,-33.18,80,100,12.88
172,college,US,2021-01-16 19:03:40,64.8569,-147.8028,8.01,77,20,3.49
173,ishigaki,JP,2021-01-16 19:00:04,24.3448,124.1572,63.52,83,100,31.21
174,tuatapere,NZ,2021-01-16 19:03:40,-46.1333,167.6833,63.0,73,100,10.0
175,tokur,RU,2021-01-16 19:03:40,53.1333,132.9,-24.81,86,100,1.9
176,kavieng,PG,2021-01-16 19:03:40,-2.5744,150.7967,82.56,81,24,18.88
177,voyvozh,RU,2021-01-16 19:03:40,62.892,54.9635,-8.93,91,98,7.76
178,ballina,AU,2021-01-16 19:03:40,-28.8667,153.5667,64.4,88,26,3.44
179,easley,US,2021-01-16 19:03:40,34.8298,-82.6015,43.0,45,90,23.02
180,conceicao do araguaia,BR,2021-01-16 19:03:40,-8.2578,-49.2647,81.07,72,100,3.8
181,clyde river,CA,2021-01-16 19:02:51,70.4692,-68.5914,3.2,85,90,11.5
182,scarborough,GB,2021-01-16 19:03:41,54.2797,-0.4044,42.01,90,0,4.0
183,namatanai,PG,2021-01-16 19:03:41,-3.6667,152.4333,80.24,83,43,11.61
184,puerto escondido,MX,2021-01-16 19:03:41,15.85,-97.0667,82.4,69,40,6.91
185,hualmay,PE,2021-01-16 19:01:04,-11.0964,-77.6139,75.4,70,37,10.87
186,twentynine palms,US,2021-01-16 19:03:41,34.1356,-116.0542,73.4,12,20,13.8
187,svetlogorsk,BY,2021-01-16 19:03:41,52.6333,29.7333,-2.29,92,13,4.03
188,prince george,CA,2021-01-16 18:59:34,53.9166,-122.753,33.01,74,75,11.5
189,poum,NC,2021-01-16 19:03:41,-20.2333,164.0167,81.05,82,100,5.26
190,lompoc,US,2021-01-16 19:03:41,34.6391,-120.4579,78.8,22,1,12.66
191,saint george,US,2021-01-16 18:59:51,37.1041,-113.5841,57.0,28,1,3.44
192,san mateo del mar,MX,2021-01-16 19:03:41,16.2,-95.0,78.31,62,0,36.19
193,skjervoy,NO,2021-01-16 19:03:41,70.0311,20.9714,37.8,90,99,16.89
194,san cristobal,VE,2021-01-16 19:03:21,7.7669,-72.225,87.8,51,40,11.5
195,badin,PK,2021-01-16 19:03:42,24.656,68.8384,62.13,22,0,8.97
196,axim,GH,2021-01-16 19:03:42,4.8699,-2.2405,80.1,77,99,7.94
197,santa isabel,BR,2021-01-16 19:01:51,-23.3156,-46.2214,86.0,61,75,8.05
198,shaunavon,CA,2021-01-16 19:03:42,49.6501,-108.4181,30.2,59,0,18.41
199,kahului,US,2021-01-16 19:03:24,20.8947,-156.47,77.0,61,20,7.76
200,seoul,KR,2021-01-16 19:00:22,37.5683,126.9778,17.6,67,0,3.44
201,milos,GR,2021-01-16 19:03:42,36.75,24.4333,48.2,66,100,18.41
202,luderitz,NA,2021-01-16 19:03:42,-26.6481,15.1594,66.6,70,0,18.1
203,estelle,US,2021-01-16 19:03:42,29.8458,-90.1067,54.0,40,1,6.91
204,the valley,AI,2021-01-16 19:03:42,18.217,-63.0578,84.2,69,20,14.97
205,talnakh,RU,2021-01-16 19:03:42,69.4865,88.3972,-27.0,70,0,6.71
206,adrar,MR,2021-01-16 19:02:14,20.5022,-10.0711,64.18,19,100,13.15
207,el alto,PE,2021-01-16 19:03:43,-4.2714,-81.2147,80.6,61,0,12.66
208,puerto leguizamo,CO,2021-01-16 19:03:43,-0.1934,-74.7819,92.43,41,55,6.11
209,bethel,US,2021-01-16 19:03:43,41.3712,-73.414,42.8,81,90,6.91
210,mnogovershinnyy,RU,2021-01-16 19:03:43,53.9353,139.9242,-24.45,83,0,2.57
211,funtua,NG,2021-01-16 19:03:43,11.5233,7.3081,71.08,19,0,9.22
212,georgetown,MY,2021-01-16 19:03:43,5.4112,100.3354,80.6,83,20,4.32
213,tasiilaq,GL,2021-01-16 19:03:43,65.6145,-37.6368,30.2,93,90,13.8
214,krugersdorp,ZA,2021-01-16 19:03:43,-26.0858,27.7752,75.2,69,20,6.11
215,nyurba,RU,2021-01-16 19:03:43,63.2842,118.3319,-44.9,79,96,5.86
216,bafq,IR,2021-01-16 19:03:43,31.6128,55.4107,50.61,41,0,0.6
217,alghero,IT,2021-01-16 19:03:11,40.5589,8.3181,41.0,93,0,2.3
218,kangaatsiaq,GL,2021-01-16 19:03:43,68.3065,-53.4641,5.47,86,0,12.03
219,hithadhoo,MV,2021-01-16 19:02:20,-0.6,73.0833,81.21,75,90,11.52
220,krasnyy chikoy,RU,2021-01-16 19:03:44,50.3643,108.7512,0.5,89,100,8.57
221,mgandu,TZ,2021-01-16 19:03:44,-5.95,34.1333,62.15,93,52,1.86
222,magdagachi,RU,2021-01-16 19:03:44,53.45,125.8,-20.27,88,100,2.06
223,tutoia,BR,2021-01-16 19:03:44,-2.7619,-42.2744,87.8,66,20,16.11
224,cayenne,GF,2021-01-16 19:03:44,4.9333,-52.3333,84.2,65,75,13.8
225,miraflores,MX,2021-01-16 19:03:44,19.2167,-98.8083,70.0,34,75,6.91
226,san alberto,CO,2021-01-16 19:03:44,7.7611,-73.3922,90.68,43,29,4.76
227,provideniya,RU,2021-01-16 19:03:44,64.3833,-173.3,-3.37,84,100,9.01
228,pacific grove,US,2021-01-16 19:03:44,36.6177,-121.9166,69.01,63,1,3.44
229,marigot,MF,2021-01-16 19:03:44,18.0667,-63.0833,84.2,58,20,11.5
230,mount gambier,AU,2021-01-16 19:03:44,-37.8333,140.7667,46.4,100,75,5.75
231,ilulissat,GL,2021-01-16 19:03:45,69.2167,-51.1,12.2,52,1,5.75
232,ancud,CL,2021-01-16 19:03:45,-41.8697,-73.8203,68.0,63,75,5.75
233,boa viagem,BR,2021-01-16 19:03:45,-5.1275,-39.7322,91.83,37,42,5.93
234,touros,BR,2021-01-16 19:03:45,-5.1989,-35.4608,84.2,54,0,14.97
235,portland,US,2021-01-16 18:59:46,45.5234,-122.6762,46.99,76,75,2.48
236,caconda,AO,2021-01-16 19:03:45,-13.7333,15.0667,63.57,60,89,7.7
237,najran,SA,2021-01-16 19:03:45,17.4924,44.1277,62.6,34,0,0.47
238,ankang,CN,2021-01-16 19:03:45,32.68,109.0172,35.37,76,100,2.37
239,toftlund,DK,2021-01-16 19:03:45,55.1886,9.0693,32.0,86,75,6.91
240,oriximina,BR,2021-01-16 18:58:48,-1.7656,-55.8661,92.08,41,44,6.38
241,carauari,BR,2021-01-16 19:03:45,-4.8828,-66.8958,82.11,88,99,1.95
242,kurya,RU,2021-01-16 19:03:46,51.6003,82.2888,9.28,86,100,2.93
243,puerto ayora,EC,2021-01-16 19:03:46,-0.7393,-90.3518,80.6,74,75,11.5
244,lucapa,AO,2021-01-16 19:03:46,-8.4192,20.7447,66.87,96,14,2.53
245,lloydminster,CA,2021-01-16 19:03:46,53.2835,-110.0016,32.0,64,20,16.11
246,amahai,ID,2021-01-16 19:03:46,-3.3333,128.9167,81.0,88,100,5.95
247,vila franca do campo,PT,2021-01-16 19:03:16,37.7167,-25.4333,62.01,100,75,10.36
248,wilmington,US,2021-01-16 19:02:28,34.2257,-77.9447,50.0,43,90,21.85
249,bend,US,2021-01-16 19:02:34,44.0582,-121.3153,44.6,81,20,4.61
250,los llanos de aridane,ES,2021-01-16 19:03:46,28.6585,-17.9182,62.6,77,75,8.05
251,sabaudia,IT,2021-01-16 19:03:46,41.3003,13.0282,44.01,77,98,4.81
252,puerto madero,MX,2021-01-16 19:03:46,14.7208,-92.4215,89.6,62,20,2.3
253,klamath falls,US,2021-01-16 19:01:52,42.2249,-121.7817,35.6,100,90,3.44
254,ponta do sol,PT,2021-01-16 19:03:47,32.6667,-17.1,57.99,57,92,1.99
255,taltal,CL,2021-01-16 19:01:09,-25.4,-70.4833,68.2,61,15,5.1
256,manicore,BR,2021-01-16 19:03:12,-5.8092,-61.3003,85.66,76,100,0.34
257,quetigny,FR,2021-01-16 19:03:47,47.3167,5.1167,30.2,93,90,11.5
258,victoria,HK,2021-01-16 19:02:55,22.2855,114.1577,62.01,77,93,1.99
259,mission,US,2021-01-16 18:59:10,26.2159,-98.3253,70.0,22,1,3.44
260,comodoro rivadavia,AR,2021-01-16 19:03:34,-45.8667,-67.5,69.8,46,20,6.91
261,flin flon,CA,2021-01-16 19:00:08,54.7682,-101.865,21.2,86,90,9.22
262,sibu,MY,2021-01-16 19:03:47,2.3,111.8167,73.4,100,40,2.3
263,la asuncion,VE,2021-01-16 19:03:47,11.0333,-63.8628,79.79,74,100,15.61
264,opelousas,US,2021-01-16 18:59:20,30.5335,-92.0815,51.01,43,1,4.61
265,munxar,MT,2021-01-16 19:03:47,36.0307,14.2348,53.01,93,75,6.91
266,abbeville,FR,2021-01-16 19:03:47,50.1,1.8333,37.99,66,100,12.59
267,byron bay,AU,2021-01-16 19:03:47,-28.65,153.6167,64.4,88,4,3.44
268,fortuna,US,2021-01-16 19:03:48,40.5982,-124.1573,59.0,100,1,6.91
269,shalya,RU,2021-01-16 19:03:48,57.2471,58.7298,11.32,95,100,11.45
270,port lincoln,AU,2021-01-16 19:03:48,-34.7333,135.8667,59.99,82,64,8.86
271,lakhnadon,IN,2021-01-16 19:03:48,22.6,79.6,57.7,35,0,1.48
272,ghanzi,BW,2021-01-16 19:03:48,-21.5667,21.7833,80.53,52,100,2.28
273,alofi,NU,2021-01-16 19:00:13,-19.0595,-169.9187,73.4,100,34,2.3
274,princeton,US,2021-01-16 19:03:48,25.5384,-80.4089,73.4,31,40,19.57
275,buchanan,LR,2021-01-16 19:03:48,5.8808,-10.0467,82.4,83,20,4.61
276,khatanga,RU,2021-01-16 19:03:48,71.9667,102.5,-25.37,85,94,5.82
277,nanortalik,GL,2021-01-16 19:03:48,60.1432,-45.2371,21.13,94,0,6.11
278,kodiak,US,2021-01-16 19:03:19,57.79,-152.4072,39.2,93,90,29.93
279,redlands,US,2021-01-16 19:02:33,34.0556,-117.1825,82.4,12,40,4.61
280,qui nhon,VN,2021-01-16 19:03:48,13.7667,109.2333,68.99,84,31,8.52
281,tura,IN,2021-01-16 19:03:48,25.5198,90.2201,56.79,56,0,2.93
282,arraial do cabo,BR,2021-01-16 19:00:11,-22.9661,-42.0278,87.8,61,20,13.8
283,chernoyerkovskaya,RU,2021-01-16 19:03:49,45.4331,37.7686,23.0,80,100,26.84
284,clovis,US,2021-01-16 19:02:42,36.8252,-119.7029,59.0,82,40,3.44
285,north charleston,US,2021-01-16 19:03:49,32.8886,-80.0075,52.0,37,75,23.02
286,kyshtovka,RU,2021-01-16 19:03:49,56.555,76.6271,6.94,92,100,9.26
287,grand baie,MU,2021-01-16 19:03:49,-20.0182,57.5802,81.0,82,19,5.99
288,hanna,CA,2021-01-16 19:00:38,51.6334,-111.9018,26.6,79,3,9.22
289,ayan,RU,2021-01-16 19:03:00,56.45,138.1667,-17.0,78,0,6.4
290,husavik,IS,2021-01-16 19:03:49,66.0449,-17.3389,33.8,100,90,2.3
291,leshukonskoye,RU,2021-01-16 19:03:49,64.8989,45.7622,-15.38,88,0,1.54
292,norman wells,CA,2021-01-16 19:03:49,65.282,-126.8329,-4.0,84,75,5.75
293,saint-francois,FR,2021-01-16 19:03:49,46.4154,3.9054,32.0,93,90,8.05
294,gallup,US,2021-01-16 19:03:49,35.5281,-108.7426,50.0,22,1,13.8
295,saldanha,ZA,2021-01-16 18:59:43,-33.0117,17.9442,69.8,73,0,10.36
296,havre-saint-pierre,CA,2021-01-16 19:03:17,50.2334,-63.5986,26.6,86,90,11.5
297,dzaoudzi,YT,2021-01-16 19:03:50,-12.7887,45.2699,82.4,74,0,4.61
298,abapo,BO,2021-01-16 19:03:50,-18.8333,-63.4667,94.75,38,61,9.62
299,coleraine,GB,2021-01-16 18:58:56,55.1333,-6.6667,42.8,87,75,6.91
300,gulu,UG,2021-01-16 19:01:58,2.7746,32.299,77.76,34,99,2.51
301,broome,US,2021-01-16 19:03:50,42.2506,-75.833,34.0,93,90,10.36
302,east london,ZA,2021-01-16 19:03:08,-33.0153,27.9116,68.0,68,0,5.75
303,prince rupert,CA,2021-01-16 19:00:00,54.3161,-130.3201,42.8,81,90,16.11
304,kawardha,IN,2021-01-16 19:03:50,22.0167,81.25,57.83,35,0,3.91
305,idlib,SY,2021-01-16 19:03:50,35.9306,36.6339,50.0,100,75,6.91
306,ossora,RU,2021-01-16 19:03:50,59.2353,163.0719,-14.73,83,99,6.42
307,garachine,PA,2021-01-16 19:03:50,8.0647,-78.3628,83.64,69,53,8.14
308,winnemucca,US,2021-01-16 19:03:51,40.973,-117.7357,44.6,61,1,11.5
309,basco,PH,2021-01-16 19:03:51,20.4487,121.9702,72.54,83,56,30.8
310,kieta,PG,2021-01-16 19:03:51,-6.2167,155.6333,79.0,79,100,1.14
311,grand-lahou,CI,2021-01-16 19:03:51,5.1367,-5.0242,79.81,80,11,8.63
312,kamphaeng phet,TH,2021-01-16 19:03:51,16.25,99.5,71.89,57,0,4.45
313,akdepe,TM,2021-01-16 19:03:51,42.0551,59.3788,24.8,100,0,6.91
314,carsamba,TR,2021-01-16 19:03:10,41.1989,36.7219,42.8,81,75,1.14
315,tunduma,TZ,2021-01-16 19:03:51,-9.3,32.7667,59.59,99,100,0.11
316,hobyo,SO,2021-01-16 19:03:51,5.3505,48.5268,76.87,81,1,18.75
317,pitimbu,BR,2021-01-16 19:03:51,-7.4706,-34.8086,84.2,61,20,14.97
318,talalora,PH,2021-01-16 19:03:51,11.5293,124.8362,76.68,89,93,4.99
319,malpe,IN,2021-01-16 19:03:51,13.35,74.7167,78.8,83,40,5.75
320,cherskiy,RU,2021-01-16 19:03:20,68.75,161.3,-19.95,87,100,4.0
321,durban,ZA,2021-01-16 19:02:46,-29.8579,31.0292,75.0,88,90,5.75
322,yulara,AU,2021-01-16 19:03:20,-25.2406,130.9889,66.2,68,90,9.22
323,tarrafal,CV,2021-01-16 19:03:52,15.2833,-23.7667,71.6,68,0,17.27
324,riberalta,BO,2021-01-16 19:03:52,-10.9833,-66.1,87.8,66,75,18.41
325,bilibino,RU,2021-01-16 19:03:15,68.0546,166.4372,-15.92,85,100,0.69
326,ayagoz,KZ,2021-01-16 19:03:52,47.9714,80.4392,2.12,79,46,2.17
327,tual,ID,2021-01-16 19:03:44,-5.6667,132.75,83.82,74,100,9.78
328,atasu,KZ,2021-01-16 19:03:52,48.6814,71.6433,13.14,91,93,10.89
329,porto novo,BJ,2021-01-16 19:03:52,6.4965,2.6036,82.4,83,40,12.66
330,sarkand,KZ,2021-01-16 19:03:52,45.41,79.9186,33.24,66,0,4.27
331,saint-pierre,RE,2021-01-16 19:00:07,-21.3393,55.4781,82.4,78,75,4.61
332,naron,ES,2021-01-16 19:03:54,43.5167,-8.1528,54.0,87,75,2.3
333,yemelyanovo,RU,2021-01-16 19:03:54,56.1681,92.6767,14.0,62,0,2.24
334,sainte-suzanne,RE,2021-01-16 19:03:54,-20.9061,55.6089,80.6,78,0,16.11
335,montepuez,MZ,2021-01-16 19:03:54,-13.1256,38.9997,72.27,93,100,0.98
336,kununurra,AU,2021-01-16 19:03:54,-15.7667,128.7333,78.8,89,87,5.75
337,kyakhta,RU,2021-01-16 19:03:54,50.3508,106.4494,-9.78,84,94,4.97
338,port hedland,AU,2021-01-16 19:03:54,-20.3167,118.5667,87.8,79,40,14.97
339,acajutla,SV,2021-01-16 19:03:54,13.5928,-89.8275,86.68,54,94,8.1
340,sola,VU,2021-01-16 19:01:14,-13.8833,167.55,75.2,100,20,6.17
341,maputo,MZ,2021-01-16 19:03:54,-25.9653,32.5892,78.8,94,75,8.05
342,yar-sale,RU,2021-01-16 19:03:54,66.8333,70.8333,-5.31,92,82,8.28
343,matadi,CD,2021-01-16 19:03:55,-5.8167,13.45,78.24,78,100,5.44
344,sambava,MG,2021-01-16 19:03:55,-14.2667,50.1667,78.48,80,2,5.21
345,vanavara,RU,2021-01-16 19:03:55,60.34,102.2797,-44.64,76,9,2.3
346,krasnoarmeysk,RU,2021-01-16 19:03:55,51.0239,45.6969,10.99,65,78,8.01
347,pierre,US,2021-01-16 19:03:55,44.3683,-100.351,35.6,51,1,18.41
348,moose factory,CA,2021-01-16 19:03:55,51.2585,-80.6094,17.6,79,90,10.36
349,marawi,PH,2021-01-16 19:03:55,7.9986,124.2928,73.99,95,100,4.0
350,zhezkazgan,KZ,2021-01-16 19:03:30,47.8043,67.7144,10.69,94,0,5.95
351,vikindu,TZ,2021-01-16 19:03:55,-7.0067,39.2985,80.6,83,20,13.8
352,acarau,BR,2021-01-16 19:03:55,-2.8856,-40.12,84.76,65,10,17.98
353,beyneu,KZ,2021-01-16 19:03:55,45.3167,55.2,31.59,92,76,8.84
354,antofagasta,CL,2021-01-16 19:02:12,-23.65,-70.4,75.0,56,20,10.36
355,arlit,NE,2021-01-16 19:03:56,18.7369,7.3853,74.95,16,2,7.96
356,palmer,US,2021-01-16 19:03:01,42.1584,-72.3287,42.01,100,75,6.91
357,santa cruz balanya,GT,2021-01-16 19:03:56,14.6872,-90.915,77.0,60,40,18.41
358,mitu,CO,2021-01-16 19:03:56,1.1983,-70.1733,84.65,75,100,4.83
359,aksu,CN,2021-01-16 19:03:56,41.1231,80.2644,13.91,86,0,2.8
360,srednekolymsk,RU,2021-01-16 19:03:56,67.45,153.6833,-31.54,80,100,2.44
361,waipawa,NZ,2021-01-16 19:03:56,-41.4122,175.5153,66.2,77,75,19.57
362,wamba,NG,2021-01-16 19:03:56,8.9333,8.6,78.35,19,90,1.16
363,chacabuco,AR,2021-01-16 19:00:17,-34.6417,-60.4739,80.35,42,100,20.83
364,chokurdakh,RU,2021-01-16 19:03:56,70.6333,147.9167,-14.6,88,100,12.82
365,ilhabela,BR,2021-01-16 19:02:30,-23.7781,-45.3581,82.74,68,56,6.44
366,van,TR,2021-01-16 19:03:56,38.4924,43.3831,30.2,86,40,2.3
367,kilindoni,TZ,2021-01-16 19:03:57,-7.9139,39.6668,80.85,83,0,12.35
368,pisco,PE,2021-01-16 19:03:57,-13.7,-76.2167,75.0,73,0,6.91
369,balabac,PH,2021-01-16 19:03:57,7.9868,117.0645,80.11,83,96,12.53
370,padang,ID,2021-01-16 19:03:57,-0.9492,100.3543,77.0,83,20,2.3
371,tiarei,PF,2021-01-16 19:03:57,-17.5333,-149.3333,84.2,65,20,3.44
372,prenzlau,DE,2021-01-16 19:03:57,53.3167,13.8667,28.0,73,2,1.99
373,constitucion,CL,2021-01-16 19:03:57,-35.3333,-72.4167,69.13,44,0,20.33
374,gornopravdinsk,RU,2021-01-16 19:03:57,60.05,69.9,10.08,95,100,6.64
375,baraki barak,AF,2021-01-16 19:03:57,33.9675,68.9486,35.83,60,93,1.48
376,bronnoysund,NO,2021-01-16 19:03:11,65.4625,12.1997,32.0,64,3,13.8
377,makakilo city,US,2021-01-16 19:01:39,21.3469,-158.0858,73.4,83,1,4.61
378,bay city,US,2021-01-16 19:00:19,43.5945,-83.8889,32.0,93,90,12.66
379,tymovskoye,RU,2021-01-16 19:03:57,50.8456,142.655,-19.61,83,0,3.56
380,muisne,EC,2021-01-16 19:03:58,0.6,-80.0333,82.4,83,75,6.91
381,tomatlan,MX,2021-01-16 19:03:58,19.9333,-105.25,89.04,28,98,6.4
382,lata,PT,2021-01-16 19:03:58,40.1629,-8.3327,50.0,81,0,1.41
383,lumeje,AO,2021-01-16 19:03:58,-11.55,20.7833,69.37,83,100,6.51
384,severo-kurilsk,RU,2021-01-16 19:03:15,50.6789,156.125,28.99,97,100,22.21
385,baracoa,CU,2021-01-16 19:03:58,20.3467,-74.4958,81.88,62,100,3.96
386,valparaiso,CL,2021-01-16 19:02:04,-33.0393,-71.6273,73.4,46,0,5.75
387,tigil,RU,2021-01-16 19:03:58,57.8,158.6667,-5.62,84,51,5.84
388,dickinson,US,2021-01-16 19:03:03,29.4608,-95.0513,59.0,21,20,8.05
389,vostok,RU,2021-01-16 19:03:59,46.4856,135.8833,-17.34,88,39,4.21
390,tottori,JP,2021-01-16 19:03:59,35.5,134.2333,41.38,75,100,8.52
391,lianzhou,CN,2021-01-16 19:03:59,24.7811,112.3825,49.59,51,100,10.78
392,sindor,RU,2021-01-16 19:03:59,62.8629,51.8905,-7.29,90,96,7.72
393,ginda,IN,2021-01-16 19:03:59,30.6945,78.4932,48.54,36,0,6.15
394,krasnoyarsk,RU,2021-01-16 19:03:59,56.0097,92.7917,14.0,62,0,2.24
395,longyearbyen,SJ,2021-01-16 19:02:54,78.2186,15.6401,17.6,79,75,3.44
396,sibiti,CG,2021-01-16 19:02:13,-3.6819,13.3499,70.38,96,97,1.95
397,shestakovo,RU,2021-01-16 19:03:59,56.4915,103.96,-27.78,79,100,1.3
398,rasulnagar,PK,2021-01-16 19:03:59,32.3285,73.7814,48.2,100,90,1.68
399,cidreira,BR,2021-01-16 19:03:59,-30.1811,-50.2056,77.16,88,95,11.81
400,natchez,US,2021-01-16 19:04:00,31.5604,-91.4032,48.2,43,1,7.47
401,garowe,SO,2021-01-16 19:04:00,8.4054,48.4845,72.41,61,0,14.99
402,port blair,IN,2021-01-16 19:04:00,11.6667,92.75,77.32,74,29,8.01
403,puerto narino,CO,2021-01-16 19:04:00,-3.7703,-70.3831,89.6,62,40,3.44
404,zhigansk,RU,2021-01-16 19:04:00,66.7697,123.3711,-33.79,82,100,5.35
405,bayir,TR,2021-01-16 19:04:00,37.2687,28.2167,48.2,81,40,6.91
406,nelson bay,AU,2021-01-16 19:02:57,-32.7167,152.15,59.0,88,0,6.91
407,shache,CN,2021-01-16 19:04:00,38.4167,77.2406,17.64,84,0,2.86
408,belaya gora,RU,2021-01-16 19:04:00,68.5333,146.4167,-25.76,86,100,1.5
409,moyo,UG,2021-01-16 19:04:00,3.6609,31.7247,77.04,25,72,3.47
410,hami,CN,2021-01-16 19:03:09,42.8,93.45,14.76,70,0,2.86
411,sainte-adele,CA,2021-01-16 19:04:00,45.9501,-74.1325,32.0,93,90,10.36
412,puerto del rosario,ES,2021-01-16 19:04:01,28.5004,-13.8627,64.4,59,40,19.57
413,itarema,BR,2021-01-16 19:04:01,-2.9248,-39.9167,84.67,65,0,16.35
414,kuala terengganu,MY,2021-01-16 19:04:01,5.3302,103.1408,78.8,78,40,4.61
415,boa vista,BR,2021-01-16 19:04:01,2.8197,-60.6733,89.6,48,75,6.91
416,leua,SK,2021-01-16 19:04:01,48.2156,18.6071,27.0,81,100,8.99
417,miyako,JP,2021-01-16 19:04:01,39.6367,141.9525,28.9,91,0,4.5
418,fort morgan,US,2021-01-16 19:04:01,40.2503,-103.8,42.8,39,40,27.63
419,conceicao da barra,BR,2021-01-16 19:01:04,-18.5933,-39.7322,82.26,63,0,10.65
420,praya,CV,2021-01-16 19:04:01,14.9215,-23.5087,71.6,68,0,17.27
421,rio cuarto,AR,2021-01-16 19:04:01,-33.1307,-64.3499,70.0,40,40,20.71
422,hurricane,US,2021-01-16 19:00:23,37.1753,-113.2899,57.2,28,1,3.44
423,la cruz,MX,2021-01-16 19:04:02,23.9167,-106.9,73.99,62,99,5.01
424,jacareacanga,BR,2021-01-16 19:04:02,-6.2222,-57.7528,88.92,61,46,2.35
425,bitung,ID,2021-01-16 19:04:02,1.4451,125.1824,75.2,94,40,2.3
426,komsomolskiy,UZ,2021-01-16 19:04:02,40.4272,71.7189,35.6,64,0,4.61
427,kudahuvadhoo,MV,2021-01-16 19:04:02,2.6708,72.8944,81.54,70,100,8.14
428,cherlak,RU,2021-01-16 19:04:02,54.155,74.8055,8.82,91,100,11.16
429,petropavlovsk-kamchatskiy,RU,2021-01-16 19:04:02,53.0452,158.6483,14.0,92,75,6.71
430,san quintin,MX,2021-01-16 19:04:02,30.4833,-115.95,74.25,23,0,2.68
431,shu,KZ,2021-01-16 19:04:02,43.5983,73.7614,34.0,91,0,3.0
432,uhlove,UA,2021-01-16 19:04:02,44.8215,33.6045,32.0,78,100,8.77
433,tecoanapa,MX,2021-01-16 19:04:03,16.5167,-98.75,82.2,66,73,9.4
434,wuwei,CN,2021-01-16 19:04:03,37.9281,102.6414,21.0,39,0,6.55
435,laguna,US,2021-01-16 19:04:03,38.421,-121.4238,60.8,59,1,3.44
436,caluquembe,AO,2021-01-16 19:04:03,-13.7833,14.6833,62.01,62,96,7.67
437,zandvoort,NL,2021-01-16 19:04:03,52.3749,4.5341,32.0,100,75,12.66
438,coquimbo,CL,2021-01-16 19:04:03,-29.9533,-71.3436,64.4,68,20,16.11
439,konskie,PL,2021-01-16 19:04:03,51.1917,20.4061,26.01,10,100,14.94
440,listvyanka,RU,2021-01-16 19:04:04,51.8535,104.8693,5.0,85,75,4.47
441,angleton,US,2021-01-16 19:03:02,29.1694,-95.4319,61.0,18,1,11.5
442,dejen,ET,2021-01-16 19:04:04,10.1667,38.1333,60.15,43,38,4.32
443,vredendal,ZA,2021-01-16 19:02:13,-31.6683,18.5012,65.64,75,0,9.86
444,brae,GB,2021-01-16 19:04:04,60.3964,-1.353,44.6,87,90,13.8
445,navahrudak,BY,2021-01-16 19:04:04,53.6,25.8333,-6.77,93,23,5.12
446,east angus,CA,2021-01-16 19:04:04,45.4834,-71.6658,37.4,80,90,8.05
447,cedar city,US,2021-01-16 19:00:00,37.6775,-113.0619,48.2,40,1,14.97
448,marshfield,US,2021-01-16 19:00:32,44.6689,-90.1718,36.0,80,90,10.36
449,tanabi,BR,2021-01-16 19:04:04,-20.6264,-49.6492,84.2,51,75,9.22
450,nome,US,2021-01-16 19:04:05,64.5011,-165.4064,8.6,78,74,5.75
451,puerto madryn,AR,2021-01-16 19:04:05,-42.7692,-65.0385,68.41,38,82,25.17
452,yumen,CN,2021-01-16 19:04:05,40.2833,97.2,17.13,69,0,24.29
453,slave lake,CA,2021-01-16 19:04:05,55.2834,-114.769,37.4,56,75,16.11
454,russkaya polyana,UA,2021-01-16 19:04:05,49.417,31.9201,7.02,89,80,8.01
455,waingapu,ID,2021-01-16 19:04:05,-9.6567,120.2641,77.45,83,100,4.36
456,jizan,SA,2021-01-16 19:04:05,17.3333,42.6667,78.8,78,0,4.61
457,lorengau,PG,2021-01-16 19:03:35,-2.0226,147.2712,82.63,79,100,11.48
458,saurimo,AO,2021-01-16 19:04:05,-9.6608,20.3916,66.06,93,95,3.24
459,bafoulabe,ML,2021-01-16 19:04:06,13.8065,-10.8321,84.36,12,100,4.21
460,raga,SS,2021-01-16 19:04:06,8.4596,25.678,73.44,21,0,4.52
461,monte azul,BR,2021-01-16 19:04:06,-15.155,-42.8747,80.62,65,96,5.59
462,talavera de la reina,ES,2021-01-16 19:04:06,39.9635,-4.8308,35.62,82,0,3.27
463,cabo san lucas,MX,2021-01-16 18:59:16,22.8909,-109.9124,77.0,37,20,5.75
464,fare,PF,2021-01-16 19:04:06,-16.7,-151.0167,81.14,76,4,11.68
465,yarmouth,US,2021-01-16 19:04:06,41.7057,-70.2286,50.0,87,90,14.97
466,aksarka,RU,2021-01-16 19:04:06,66.5606,67.7975,-10.68,90,98,8.75
467,chodavaram,IN,2021-01-16 19:04:06,17.8333,82.95,71.6,88,0,2.3
468,da lat,VN,2021-01-16 19:04:06,11.9465,108.4419,52.81,86,96,2.89
469,aranos,NA,2021-01-16 19:04:06,-24.1333,19.1167,79.36,42,0,10.02
470,batsfjord,NO,2021-01-16 19:03:11,70.6345,29.7185,34.7,89,100,17.29
471,almaznyy,RU,2021-01-16 19:04:07,48.0448,40.045,8.6,72,0,2.24
472,roald,NO,2021-01-16 19:04:07,62.5833,6.1333,28.4,69,0,3.44
473,suzaka,JP,2021-01-16 19:04:07,36.65,138.3167,32.0,80,100,3.0
474,muret,FR,2021-01-16 19:04:07,43.3333,1.25,41.0,75,0,1.14
475,taganak,PH,2021-01-16 19:04:07,6.0833,118.3,75.2,100,40,2.3
476,san rafael,AR,2021-01-16 19:04:07,-34.6177,-68.3301,76.46,21,0,8.84
477,morehead,US,2021-01-16 19:04:07,37.2711,-87.1764,39.0,65,90,12.66
478,chernyshevskiy,RU,2021-01-16 19:04:07,63.0128,112.4714,-41.13,82,100,3.29
479,vilyuysk,RU,2021-01-16 19:04:07,63.7553,121.6247,-42.99,80,92,5.91
480,deputatskiy,RU,2021-01-16 19:04:07,69.3,139.9,-22.7,89,100,2.35
481,buluang,PH,2021-01-16 19:04:07,13.3068,123.3425,74.89,91,100,4.29
482,kiama,AU,2021-01-16 19:04:08,-34.6833,150.8667,60.01,66,0,3.0
483,pachino,IT,2021-01-16 19:04:08,36.7186,15.0907,43.0,93,20,4.61
484,arman,RU,2021-01-16 19:04:08,59.7,150.1667,-17.68,78,10,10.89
485,honiton,GB,2021-01-16 19:02:53,50.7996,-3.189,46.99,84,98,1.99
486,bonthe,SL,2021-01-16 19:03:07,7.5264,-12.505,79.84,76,99,9.28
487,kungurtug,RU,2021-01-16 19:04:08,50.5994,97.5228,-3.37,86,100,1.05
488,hofn,IS,2021-01-16 19:03:12,64.2539,-15.2082,41.34,70,100,24.74
489,mitsamiouli,KM,2021-01-16 19:04:08,-11.3847,43.2844,80.96,76,3,6.87
490,freeport,US,2021-01-16 19:03:09,40.6576,-73.5832,50.0,66,75,12.66
491,sawang daen din,TH,2021-01-16 19:04:08,17.4753,103.4575,69.01,72,0,11.74
492,mtambile,TZ,2021-01-16 19:04:08,-5.3833,39.7,79.21,82,0,11.56
493,aitape,PG,2021-01-16 19:04:08,-3.1374,142.3475,79.18,83,100,4.25
494,karratha,AU,2021-01-16 19:04:08,-20.7377,116.8463,88.86,50,84,6.89
495,chumikan,RU,2021-01-16 19:04:09,54.7183,135.315,-20.85,82,0,11.92
496,port elizabeth,ZA,2021-01-16 19:04:09,-33.918,25.5701,69.8,78,0,23.02
497,straumen,NO,2021-01-16 19:04:09,63.8709,11.2999,28.99,86,0,9.22
498,singapore,SG,2021-01-16 19:01:41,1.2897,103.8501,78.8,89,75,9.22
499,jalu,LY,2021-01-16 19:04:09,29.0331,21.5482,53.4,45,0,8.86
500,jumla,NP,2021-01-16 19:04:09,29.2747,82.1838,41.32,49,0,3.76
501,sao joao da barra,BR,2021-01-16 19:02:52,-21.6403,-41.0511,86.0,51,20,25.32
502,namibe,AO,2021-01-16 19:04:09,-15.1961,12.1522,75.49,65,0,8.28
503,pochutla,MX,2021-01-16 19:04:09,15.7432,-96.4661,88.0,48,20,6.91
504,belmonte,BR,2021-01-16 19:04:09,-15.8631,-38.8828,84.2,74,20,6.91
505,taoudenni,ML,2021-01-16 19:04:09,22.6783,-3.9836,62.8,25,46,11.7
506,kupang,ID,2021-01-16 19:04:10,-10.1667,123.5833,79.32,80,100,3.83
507,road town,VG,2021-01-16 19:04:10,18.4167,-64.6167,84.2,61,20,9.22
508,lasa,IT,2021-01-16 19:04:10,46.6166,10.7002,27.0,73,0,8.05
509,chapais,CA,2021-01-16 19:04:10,49.7834,-74.8492,26.6,86,90,10.36
510,gwadar,PK,2021-01-16 19:04:10,25.1216,62.3254,67.78,60,0,3.44
511,fort nelson,CA,2021-01-16 19:00:09,58.8053,-122.7002,8.6,92,20,2.3
512,bichura,RU,2021-01-16 19:04:10,50.5881,107.6022,-0.62,87,100,6.2
513,coihaique,CL,2021-01-16 19:04:10,-45.5752,-72.0662,68.0,45,40,11.5
514,marsa matruh,EG,2021-01-16 19:04:10,31.3525,27.2453,61.0,59,0,17.49
515,olafsvik,IS,2021-01-16 19:04:11,64.8945,-23.7142,36.14,95,100,24.25
516,ribeira grande,PT,2021-01-16 19:03:16,38.5167,-28.7,60.8,94,75,9.22
517,umm lajj,SA,2021-01-16 19:03:11,25.0213,37.2685,69.93,51,0,8.23
518,lavrentiya,RU,2021-01-16 19:04:11,65.5833,-171.0,-7.24,85,100,7.92
519,maniitsoq,GL,2021-01-16 19:02:59,65.4167,-52.9,19.62,89,100,18.23
520,bati,ET,2021-01-16 19:04:11,11.1833,40.0167,61.34,50,0,2.93
521,rio branco,BR,2021-01-16 19:04:11,-9.9747,-67.81,87.8,58,40,11.5
522,iberia,US,2021-01-16 19:04:11,29.9502,-91.7507,53.6,40,1,9.22
523,mont-de-marsan,FR,2021-01-16 19:04:11,44.0,-0.6667,46.4,76,0,2.3
524,lagoa,PT,2021-01-16 19:04:11,39.05,-27.9833,60.12,85,50,13.15
525,avera,US,2021-01-16 19:04:11,33.194,-82.5271,48.2,34,40,18.41
526,kikwit,CD,2021-01-16 19:04:12,-5.041,18.8162,73.18,81,100,0.96
527,fez,MA,2021-01-16 18:59:53,34.0372,-4.9998,46.4,87,0,4.61
528,pontianak,ID,2021-01-16 19:04:12,-0.0333,109.3333,77.0,94,90,4.61
529,samdrup jongkhar,BT,2021-01-16 19:04:12,26.9167,91.6167,52.54,71,24,3.06
530,tessalit,ML,2021-01-16 19:03:17,20.1986,1.0114,62.08,22,99,10.49
531,norilsk,RU,2021-01-16 19:04:12,69.3535,88.2027,-26.39,71,0,6.87
532,kichera,RU,2021-01-16 19:04:12,55.9375,110.0997,-26.54,69,14,7.34
533,lensk,RU,2021-01-16 19:04:12,60.7253,114.9278,-46.35,74,45,3.89
534,pundaguitan,PH,2021-01-16 19:04:12,6.3711,126.1689,80.26,82,100,8.39
535,mazatan,MX,2021-01-16 19:04:12,14.8667,-92.45,89.6,62,20,2.3
536,baykit,RU,2021-01-16 19:04:12,61.67,96.37,-27.0,80,98,3.27
537,yining,CN,2021-01-16 19:04:12,29.0361,114.5636,38.35,71,96,3.13
538,berlevag,NO,2021-01-16 19:02:48,70.8578,29.0864,36.03,86,100,16.11
539,raahe,FI,2021-01-16 19:04:13,64.6833,24.4833,17.6,93,75,2.3
540,huangzhai,CN,2021-01-16 19:04:13,38.0751,112.6595,17.6,35,0,4.47
541,nemuro,JP,2021-01-16 19:02:41,43.3236,145.575,22.8,90,19,16.13
542,guerrero negro,MX,2021-01-16 19:04:13,27.9769,-114.0611,76.78,18,0,5.5
543,mala danylivka,UA,2021-01-16 19:04:13,50.0635,36.1656,6.8,78,0,6.71
544,wanning,CN,2021-01-16 19:04:13,18.8003,110.3967,67.32,83,56,8.41
545,svetlaya,RU,2021-01-16 19:04:13,46.5389,138.3297,1.87,82,0,9.91
546,mocuba,MZ,2021-01-16 19:04:13,-16.8392,36.9856,78.91,84,100,1.66
547,gat,IL,2021-01-16 19:04:13,31.61,34.7642,57.0,100,3,10.42
548,tommot,RU,2021-01-16 19:03:45,58.9564,126.2925,-35.07,80,100,2.71
549,waddan,LY,2021-01-16 19:04:13,29.1614,16.139,52.54,44,0,5.57
550,andenes,NO,2021-01-16 19:04:13,69.3143,16.1194,37.0,93,90,5.75
551,srandakan,ID,2021-01-16 19:04:14,-7.9386,110.2506,76.14,85,100,5.12
552,oistins,BB,2021-01-16 19:03:41,13.0667,-59.5333,84.2,58,0,17.27
553,champerico,GT,2021-01-16 19:04:14,14.3,-91.9167,91.4,55,40,9.22
554,kavaratti,IN,2021-01-16 19:04:14,10.5669,72.642,81.68,77,0,7.31
555,puri,IN,2021-01-16 19:04:14,19.8,85.85,66.2,88,0,5.41
556,salto,UY,2021-01-16 19:01:34,-31.3833,-57.9667,80.6,74,90,17.27
557,patrasaer,IN,2021-01-16 19:04:14,23.2167,87.5167,58.39,46,27,4.68
558,nadym,RU,2021-01-16 19:04:14,65.5333,72.5167,-9.27,91,96,5.64
559,vao,NC,2021-01-16 19:04:14,-22.6667,167.4833,77.77,89,100,11.56
560,butte,US,2021-01-16 19:04:14,39.6499,-121.5677,62.01,67,1,2.17
561,port augusta,AU,2021-01-16 19:04:15,-32.5,137.7667,62.6,77,90,13.8
562,isangel,VU,2021-01-16 19:04:15,-19.55,169.2667,79.68,87,100,19.57
563,kruisfontein,ZA,2021-01-16 19:03:03,-34.0033,24.7314,70.0,69,36,4.0
564,raudeberg,NO,2021-01-16 19:04:15,61.9875,5.1352,33.01,56,100,9.24
565,syracuse,IT,2021-01-16 19:03:09,37.0881,15.2792,50.0,71,20,11.5
566,bayangol,RU,2021-01-16 19:04:15,50.6977,103.4656,-16.1,83,81,3.09
567,sayat,TM,2021-01-16 19:03:21,38.7839,63.8803,46.4,66,0,6.91
568,ketchikan,US,2021-01-16 19:03:27,55.3422,-131.6461,41.0,93,90,25.32
569,kenai,US,2021-01-16 19:04:15,60.5544,-151.2583,34.0,69,90,24.16
570,evensk,RU,2021-01-16 19:04:15,61.95,159.2333,-20.67,75,0,9.8
